Idx,Feature,Thrust,Roll,Pitch,Yaw,Sum
90,dir_to_target_body_z,20.700221821372853,1.0743586833317083,1.1981156609545631,0.5469356733253705,23.5196318389845
96,integral_dir_to_target_body_z,17.798992053432137,0.9026946116907176,0.9927859301872075,0.49775188761456707,20.192224482924626
123,integral_thrust_alignment,17.64734301872075,0.8802695525789782,0.9827898760481669,0.4756271862202613,19.986029633568155
98,rot_err_y,16.615236203198126,0.8418984923459438,0.9301363988153276,0.4561405366370905,18.84341163099649
53,skid_vel_z,15.706402349843994,0.8250828021402106,0.9168188133775351,0.4037064050921412,17.852010370453883
121,thrust_alignment,15.51644403276131,0.773583451150546,0.8602559629728939,0.4325856891697543,17.582869136054505
108,integral_ctrl_thrust,13.403677115834633,0.6413257331074493,0.7162935872903666,0.38942002699639233,15.15071646322884
29,vel_over_dist_z,11.951900107254291,0.6657491651228549,0.7297974965873635,0.3056205285320788,13.653067297496587
76,integral_rot_matrix_x1,11.944320397815913,0.5563189002169462,0.578467292011993,0.4039700464971724,13.483076636542023
58,rot_matrix_x1,11.296915220358814,0.5376908943545242,0.5925194703100624,0.35365571068155227,12.780781295704953
11,pos_err_z,10.71879387675507,0.5418455507751561,0.5948176677067083,0.3138771664147816,12.169334261651716
25,integral_pos_err_z,10.363147182137286,0.5115551643550117,0.5668317631142745,0.3190230490078978,11.76055715861447
97,rot_err_x,10.143175336388456,0.5257280037295242,0.5735253677725234,0.2864914249890308,11.528920132879534
16,pos_norm_z,8.704360252535102,0.40713221985910686,0.44527711674873244,0.28488114426920824,9.84165073341215
45,derivative_ang_vel_x,8.229856913026522,0.38508674038367785,0.45521177390064355,0.23079277907444423,9.300948206385288
60,rot_matrix_y0,7.809691278276131,0.39230328588143526,0.4422925452174337,0.21931241849283345,8.863599527867834
13,squared_dist_to_target,7.000597211388455,0.43483829587558503,0.4538056610155031,0.19046253793511114,8.079703706214655
41,integral_vel_z,7.056644890795631,0.3294328091483034,0.3793818100380265,0.21485633790585998,7.980315847887821
109,integral_ctrl_roll,6.741263041146646,0.3461307329246295,0.36663618400204756,0.18823162203831903,7.642261580111641
6,ang_x,6.408476745319812,0.4346017346553237,0.44203267447104133,0.18895610267770085,7.474067257123878
120,integral_world_thrust_z,6.588348283931357,0.321118621112032,0.3585959590727379,0.2026809954234107,7.470743859539538
78,integral_rot_matrix_y0,6.464013138650546,0.3314473311354329,0.3829122510603549,0.18077834392672582,7.359151064773059
114,world_thrust_z,6.277657590678627,0.3727392806649766,0.38984428322445397,0.16413688481132996,7.204378039379388
5,vel_z,6.342344115639626,0.2951290707878315,0.32561956872806164,0.19691314459218995,7.160005899747709
33,vel_norm_x,6.030209145865834,0.27951938194715287,0.29027027243199105,0.19796944319179016,6.7979682434367685
54,angular_momentum_x,5.835880825858034,0.3273044056527886,0.36838093250292514,0.14453693455355401,6.676103098567301
65,rot_matrix_z2,5.651372367394695,0.3189573481376755,0.3390696985301287,0.16397606050726404,6.473375474569763
26,vel_along_err,5.705348698322933,0.30074127720968213,0.3200166746904251,0.14074249029531494,6.466849140518355
61,rot_matrix_y1,5.604909321372855,0.3162649455196958,0.33942261694374026,0.1545082318429456,6.4151051156792365
100,prev_ctrl_thrust,5.585102622854914,0.2948753130789294,0.3257001998829953,0.15666721956964216,6.362345355386481
79,integral_rot_matrix_y1,5.507401764820592,0.3094237709938085,0.33350679632654057,0.15507278323359497,6.305405115374536
92,derivative_dir_to_target_body_y,5.298822031006241,0.41558729341361156,0.38429368327076835,0.17085497970700078,6.269557987397622
55,angular_momentum_y,5.36400643525741,0.2576274330270086,0.2913436151703881,0.17306801354085413,6.086045496995661
51,skid_vel_x,5.362822981669267,0.2418264499134653,0.2719391392843214,0.1789866907176287,6.055575261584683
83,integral_rot_matrix_z2,5.24849051774571,0.26910554644842044,0.29583664059453,0.15439281731425508,5.967825522102915
34,vel_norm_y,4.785606900838533,0.37745009019110765,0.36244968646402104,0.15607325513723674,5.681579932630899
18,derivative_pos_err_y,4.664152995807332,0.3403172152276716,0.3408910790025351,0.1373363762675507,5.48269766630509
39,integral_vel_x,4.820913977184087,0.22888307377998246,0.23822318566570788,0.16251660613299532,5.450536842762774
93,derivative_dir_to_target_body_z,4.768248159613885,0.2669455874914684,0.2820507317363007,0.12535226140490932,5.442596740246564
14,pos_norm_x,4.500141685354914,0.22056522934745515,0.23675615188670046,0.13809614493954758,5.0955592115286175
23,integral_pos_err_x,4.416472674531981,0.19753103747196762,0.21617597321080342,0.14510186681881337,4.975281552033565
3,vel_x,4.286266880362715,0.2043924554833756,0.21287160031323127,0.15075366515637187,4.854284601315693
9,pos_err_x,4.332852720358814,0.18859960404275547,0.20064274494807918,0.1297670170966995,4.851862086446348
44,ang_vel_norm_z,4.211053590581123,0.26204498814718213,0.1395519524394257,0.21370640128339508,4.826356932451127
0,pos_x,4.24145622074883,0.2112843815510433,0.23659774613640797,0.12133149193155227,4.810669840367834
43,ang_vel_norm_y,4.161398815327613,0.251610832988007,0.14776305676250487,0.19206190659735764,4.752834611675483
35,vel_norm_z,4.158558404836193,0.1997361300702028,0.2363306578161564,0.10869339631983717,4.70331858904239
63,rot_matrix_z0,3.8288730377340094,0.22556323737324493,0.24275944035808308,0.09780714299861057,4.395002858463948
57,rot_matrix_x0,3.8603869076638064,0.2021801262675507,0.20924748318057723,0.10398346280530908,4.375797979917243
27,vel_over_dist_x,3.846344517843214,0.1888011247988982,0.18268831583341458,0.1433294763431162,4.361163434818643
46,derivative_ang_vel_y,3.6512776057917318,0.26069040759677264,0.23785741273400937,0.1053074496026716,4.255132875725185
75,integral_rot_matrix_x0,3.713982059282371,0.1770364794083951,0.19492553139625585,0.11285489896158346,4.198798969048606
117,derivative_world_thrust_z,3.4515073493564743,0.16271106166512286,0.19345322250390015,0.0982447203161564,3.9059163538416537
22,sec_derivative_pos_err_z,3.2742607985569423,0.2669929302054895,0.2416403355352964,0.10746905584231181,3.89036312014004
12,dist_to_target,3.1619667755460217,0.272558022438085,0.24775788638967433,0.11525655142416634,3.797539235797948
7,ang_y,3.327164281883775,0.15055385833597407,0.19922259683356083,0.08240074598101112,3.7593414830343215
77,integral_rot_matrix_x2,3.246675421704368,0.16606275823298558,0.13859069157688184,0.13499325471065718,3.6863221262248924
4,vel_y,2.19878424824493,0.6237212896718993,0.30846032962412245,0.32285818971821373,3.453824057259165
112,world_thrust_x,2.9766508629095165,0.16236882678432138,0.12959254795973088,0.1286984067253315,3.3973106443789005
84,vel_rotation_x,2.926609728451638,0.16111426390649375,0.1395105323255899,0.11452535786978355,3.3417598825535055
52,skid_vel_y,2.8671177237714507,0.13929635701053042,0.14543380856328003,0.09601513748049922,3.2478630268257604
59,rot_matrix_x2,2.6319977330343214,0.24906849496636116,0.06422388133318302,0.1832153129875195,3.128505422321385
86,pos_error_rotation_x,2.6150052408346336,0.24944070467896842,0.08148264773364372,0.18200824517355693,3.1279368384208026
48,integral_ang_vel_x,2.451285375633775,0.2916816223430187,0.22720831098868954,0.14230999879643624,3.1124853077619195
118,integral_world_thrust_x,2.6924690425117004,0.1354041327180431,0.11221095425848283,0.1087368160253754,3.0488209455136017
71,derivative_rot_matrix_y2,2.513533236641966,0.14100777898303432,0.11194412302859302,0.113873176753242,2.880358315406835
101,prev_ctrl_roll,2.497703021402106,0.12840277185306162,0.11105893234752828,0.1027099418937695,2.8398746674964657
81,integral_rot_matrix_z0,2.3243292036368954,0.20094887291585414,0.18737389241663416,0.07773307050446081,2.7903850394738448
119,integral_world_thrust_y,1.519926140795632,0.6034314897986545,0.2670504232278666,0.3290632846016966,2.71947133842385
40,integral_vel_y,1.5505568386797972,0.5669652215776131,0.25356795717141184,0.3014473044742102,2.6725373219030324
2,pos_z,2.209208481620515,0.12919558139747464,0.12680267000719092,0.06385475670491664,2.529061489730097
73,derivative_rot_matrix_z1,2.1600419876170047,0.1465672152276716,0.0735192452131679,0.13885797985630363,2.518986427914148
32,ang_vel_over_dist_z,1.8925395804894696,0.19884425503973283,0.16258653471138845,0.07309576501712413,2.327066135257715
91,derivative_dir_to_target_body_x,2.03656274375975,0.11323598305260335,0.11869012651131046,0.05195474847802506,2.320443601801689
31,ang_vel_over_dist_y,1.8984544108326833,0.11456170282944131,0.12418673748903081,0.05571041017910248,2.1929132613302578
17,derivative_pos_err_x,1.854708981328003,0.09031112123391186,0.07277326896298508,0.07446509017587266,2.0922584617007725
87,pos_error_rotation_y,1.806955075078003,0.09118165776435745,0.12970147809818644,0.04304293009122709,2.070881141031774
62,rot_matrix_y2,1.0600036716312402,0.4365329593652496,0.20171473558161077,0.25065763714532957,1.94890900372343
113,world_thrust_y,1.242947497196763,0.3765826863543292,0.08766055769183892,0.23955992224063963,1.9467506634835707
64,rot_matrix_z1,0.9917889528081123,0.43446621946909125,0.18542442381289,0.2492649120027301,1.8609445080928235
82,integral_rot_matrix_z1,0.9255709310403666,0.4406053468701248,0.1861104170729329,0.24137795101647816,1.7936646459999024
94,integral_dir_to_target_body_x,1.406249847650156,0.21256632931332878,0.031031635064230696,0.14159866785296413,1.7914464798806797
1,pos_y,1.5084299739177067,0.07625506277575322,0.06680797273394842,0.05422332811281201,1.7057163375402202
104,derivative_ctrl_thrust,1.4770868881630266,0.08690184594688476,0.09309102027167024,0.03948074078969018,1.6965604951712716
111,integral_ctrl_yaw,1.4935478317570203,0.0725469056604061,0.07748188846010871,0.04303860716440376,1.6866152330419388
80,integral_rot_matrix_y2,0.8047767770085803,0.4465402112178237,0.1449121817411759,0.2602277782517551,1.6564569482193348
37,derivative_vel_y,1.1033486495709828,0.2921243509896646,0.05527955529842288,0.19860287575565522,1.6493554316147256
85,vel_rotation_y,0.7635643160101404,0.4231428554017161,0.15812419825894597,0.24671686086193448,1.591548230532737
66,derivative_rot_matrix_x0,1.4034959718701248,0.06368448671052311,0.05154161378857498,0.04714471635506045,1.5658667887242832
24,integral_pos_err_y,1.2770627407127535,0.09582988959206806,0.10993454288952809,0.043482168974258974,1.5263093421686085
122,derivative_thrust_alignment,1.1903292127778862,0.09275334636432332,0.07909731574809867,0.038295106694404495,1.4004749815847126
50,integral_ang_vel_z,1.1337735989908346,0.11236223765356865,0.09101788168206416,0.04419723248890893,1.3813509508153763
95,integral_dir_to_target_body_y,0.7707988007020281,0.2613569572079758,0.053884316383397524,0.15993692335584048,1.245976997649242
42,ang_vel_norm_x,1.0376553968408737,0.08176954153361447,0.07416780802091459,0.039945286410089216,1.233538032805492
70,derivative_rot_matrix_y1,1.0306451711193447,0.06766949205800263,0.05969537267818838,0.05387235215971139,1.211882388015247
103,prev_ctrl_yaw,1.0093727147523401,0.05589019251688036,0.06325499821750682,0.024060746548514284,1.1525786520352417
49,integral_ang_vel_y,0.8626579106132996,0.10039960411893038,0.0772027168928554,0.04199341105968458,1.08225364268477
47,derivative_ang_vel_z,0.8609814529299922,0.07765339153605207,0.0836803513644452,0.030331349484448128,1.0526465453149376
36,derivative_vel_x,0.8796137626755071,0.057302908815571374,0.05279186326144452,0.04084231753059185,1.0305508522831146
28,vel_over_dist_y,0.7327799733083074,0.17615595444130266,0.024998907365962608,0.08933304475733717,1.0232678798729098
105,derivative_ctrl_roll,0.808375280323713,0.0858668096723869,0.013982696057109863,0.06579251341440376,0.9740172994676135
30,ang_vel_over_dist_x,0.6726268464801092,0.11729713475648401,0.06844610490962608,0.08681079787136797,0.9451808840175873
115,derivative_world_thrust_x,0.8009851702661857,0.05372962416055236,0.058568193313670046,0.026499320043602524,0.9397823077840106
38,derivative_vel_z,0.592212333024571,0.17720650183429212,0.07500751275168194,0.0883911323249805,0.9328174799355256
116,derivative_world_thrust_y,0.7194737379338924,0.07862870667170437,0.058872740651813575,0.04814630707786905,0.9051214923352794
8,ang_z,0.5822430924580734,0.15738574904324298,0.07924316691905957,0.050255847758324396,0.8691278561787003
19,derivative_pos_err_z,0.7306373251023791,0.06419982434062987,0.025862407237988737,0.047443731489493955,0.8681432881704917
21,sec_derivative_pos_err_y,0.5763139793169851,0.15832698542316692,0.026612449324633143,0.10205892244478841,0.8633123365095736
88,dir_to_target_body_x,0.4243581120197933,0.218383522450273,0.06573149254095163,0.13319799271463045,0.8416711197256483
89,dir_to_target_body_y,0.3947243534272621,0.23451674248610568,0.05968466057978257,0.1345659705294462,0.8234917270225965
20,sec_derivative_pos_err_x,0.5591819727476599,0.06353365084310404,0.050863614134409124,0.023012505827381534,0.6965917435525546
15,pos_norm_y,0.3560546875,0.16825311098381435,0.06429724254399863,0.10708026856230499,0.695685309590118
67,derivative_rot_matrix_x1,0.6020356224405227,0.030492297572762287,0.03454858360350039,0.025761906330745418,0.6928384099475308
99,rot_err_z,0.3015160904287734,0.20127863415317862,0.071502723634336,0.1100977857473674,0.6843952339636554
56,angular_momentum_z,0.5518393577539976,0.054652735669973675,0.04610683780378559,0.019369542542932185,0.671968473770689
69,derivative_rot_matrix_y0,0.4960658699785491,0.06510902440492151,0.012552968946150425,0.05094591637669413,0.6246737797063152
74,derivative_rot_matrix_z2,0.5097042280128705,0.050628709718701245,0.034858865484990495,0.02169384413315986,0.6168856473497222
68,derivative_rot_matrix_x2,0.4567364149644111,0.076443576663965,0.04135205154299922,0.035068406032139725,0.609600449203515
72,derivative_rot_matrix_z0,0.22281951190156982,0.09768947178785589,0.029936096857936818,0.053768440044242395,0.4042135205916049
10,pos_err_y,0.22872426811134947,0.0451567460891795,0.021591262698359495,0.019026272159284808,0.31449854905817326
102,prev_ctrl_pitch,0.18298480767355693,0.0339705944805175,0.023753218866547632,0.013809815881404787,0.25451843690202686
106,derivative_ctrl_pitch,0.15070853151508873,0.04886325116090581,0.01752642365216093,0.03446012547533151,0.25155833180348697
107,derivative_ctrl_yaw,0.14356554242638456,0.04487442278452857,0.03026838377001877,0.030643535738988155,0.24935188471992006
110,integral_ctrl_pitch,0.12915096193691497,0.05134010255429748,0.009795819429823091,0.03723532547258922,0.22752220939362477
